arm,seeds_done,seeds_total,top1_mean,top1_std,d_mean_pp,d_min_pp,agree2,d4_pp,flip_agree,mCA,params_M,gflops,thpt_ratio,WARN,GATE
a2,1,1,0.6191999912261963,,0.5199968814849854,0.5199968814849854,0.7704249918460846,-2.0500004291534424,0.9276000261306764,0.5032786666666667,5.4274,0.685413888,,,PROMOTE
a3,1,1,0.6186000108718872,,0.45999884605407715,0.45999884605407715,0.7738000005483627,-2.1475017070770264,0.9179999828338624,0.5039426666666666,5.445928,0.687773184,,,PROMOTE
b1_bank,1,1,0.6169999837875366,,0.29999613761901855,0.29999613761901855,0.7731750011444092,-1.7449989914894104,0.9329000115394592,0.5029293333333332,5.617864,0.710579712,,,
a1,1,1,0.616100013256073,,0.20999908447265625,0.20999908447265625,0.7775750011205673,-1.6425028443336487,0.9162999987602234,0.5055746666666667,5.439784,0.687773184,,,
a0,1,1,0.6140000224113464,,0.0,0.0,0.768650010228157,-1.9850000739097595,0.9286999702453612,0.498508,5.384356,0.680695296,,,
